{
  "accuracy": 0.18604651162790697,
  "f1_macro": 0.14451612903225808,
  "f1_per_class": {
    "CRITIQUE": 0.32,
    "HOSTILITE": 0.0,
    "IRONIE": 0.25806451612903225,
    "SOUTIEN": 0.0
  },
  "confusion_matrix": [
    [
      4,
      0,
      4,
      0
    ],
    [
      9,
      0,
      13,
      0
    ],
    [
      1,
      0,
      4,
      0
    ],
    [
      3,
      0,
      5,
      0
    ]
  ]
}